{"avgRisk": 0.2187513204165737, "defaultRate": 0.2260593927260594, "highRiskRatio": 0.0333667000333667}